排名	学校名称	学校英文名	国家/地区	评分
1	麻省理工学院	Massachusetts Institute of Technology	美国	100
2	剑桥大学	University of Cambridge	英国	99.4
2	帝国理工学院	Imperial College London	英国	99.4
4	哈佛大学	Harvard University	美国	99.3
5	牛津大学	University of Oxford	英国	99.2
5	伦敦大学学院	UCL (University College London)	英国	99.2
7	斯坦福大学	Stanford University	美国	98.3
8	加州理工学院	California Institute of Technology (Caltech)	美国	97.1
9	普林斯顿大学	Princeton University	美国	96.6
10	耶鲁大学	Yale University	美国	96.5
11	芝加哥大学	University of Chicago	美国	95.5
12	苏黎世联邦理工学院	ETH Zurich (Swiss Federal Institute of Technology)	瑞士	95.3
13	宾夕法尼亚大学	University of Pennsylvania	美国	94.5
14	哥伦比亚大学	Columbia University	美国	94.1
14	约翰霍普金斯大学	Johns Hopkins University	美国	94.1
16	伦敦大学国王学院	King's College London (KCL)	英国	92.9
17	爱丁堡大学	University of Edinburgh	英国	92.8
17	洛桑联邦理工学院	Ecole Polytechnique Fédérale de Lausanne	瑞士	92.8
19	康奈尔大学	Cornell University	美国	92.6
20	多伦多大学	University of Toronto	加拿大	92.4
21	麦吉尔大学	McGill University	加拿大	91.5
22	新加坡国立大学	National University of Singapore (NUS)	新加坡	91.1
23	密歇根大学安娜堡分校	University of Michigan	美国	90.3
24	巴黎高等师范学院	Ecole normale supérieure, Paris	法国	90.2
25	澳州国立大学	Australian National University	澳大利亚	89.7
25	杜克大学	Duke University	美国	89.7
27	加州大学伯克利分校	University of California, Berkeley (UCB)	美国	89.5
28	香港大学	University of Hong Kong	香港	88.8
29	布里斯托大学	University of Bristol	英国	88.5
30	曼彻斯特大学	The University of Manchester	英国	86.9
31	东京大学	The University of Tokyo	日本	86.7
31	首尔国立大学	Seoul National University	韩国	86.7
33	墨尔本大学	The University of Melbourne	澳大利亚	86.5
34	西北大学	Northwestern University	美国	86
35	巴黎高等理工学院	Ecole Polytechnique	法国	85
36	京都大学	Kyoto University	日本	84.7
37	加州大学洛杉矶分校	University of California, Los Angeles (UCLA)	美国	84.3
37	悉尼大学	The University of Sydney	澳大利亚	84.3
39	南洋理工大学	Nanyang Technological University (NTU)	新加坡	84
40	香港科技大学	The Hong Kong University of Science and Technology	香港	83.3
41	纽约大学	New York University (NYU)	美国	82.5
41	威斯康辛大学麦迪逊分校	University of Wisconsin-Madison	美国	82.5
43	英属哥伦比亚大学	University of British Columbia	加拿大	82.4
43	昆士兰大学	The University of Queensland	澳大利亚	82.4
45	哥本哈根大学	University of Copenhagen	丹麦	82
46	香港中文大学	The Chinese University of Hong Kong	香港	81.9
47	清华大学	Tsinghua University	中国	81.3
48	新南威尔士大学	The University of New South Wales	澳大利亚	81.2
49	海德堡大学	Ruprecht-Karls-Universit?t Heidelberg	德国	81.1
50	阿姆斯特丹大学	University of Amsterdam	荷兰	80.5
51	韩国高等科技学院	KAIST - Korea Advanced Institute of Science & Technology	韩国	79.9
52	慕尼黑大学	Ludwig-Maximilians-Universit?t München	德国	79.8
52	布朗大学	Brown University	美国	79.8
54	慕尼黑工业大学	Technische Universit?t München	德国	79.7
55	大阪大学	Osaka University	日本	79.6
55	格拉斯哥大学	University of Glasgow	英国	79.6
57	北京大学	Peking University	中国	78.8
57	苏黎世大学	University of Zurich	瑞士	78.8
59	加州大学圣地亚哥分校	University of California, San Diego (UCSD)	美国	78.6
60	隆德大学	Lund University	瑞典	78.3
61	华威大学	The University of Warwick	英国	78.1
62	北卡罗来纳大学教堂山分校	University of North Carolina, Chapel Hill	美国	77.5
63	伊利诺伊大学厄本那-香槟分校	University of Illinois at Urbana-Champaign	美国	76.9
64	伯明翰大学	University of Birmingham	英国	76.7
65	华盛顿大学	University of Washington	美国	76.5
65	卡耐基梅隆大学	Carnegie Mellon University	美国	76.5
67	赫尔辛基大学	University of Helsinki	芬兰	76.4
68	东京工业大学	Tokyo Institute of Technology	日本	76.3
69	谢菲尔德大学	The University of Sheffield	英国	75.7
70	莫纳什大学	Monash University	澳大利亚	75.5
71	复旦大学	Fudan University	中国	75.3
71	伦敦政治经济学院	London School of Economics and Political Science (LSE)	英国	75.3
71	东北大学（日本）	Tohoku University	日本	75.3
71	都柏林圣三一学院	Trinity College Dublin	爱尔兰	75.3
75	莱顿大学	Leiden University	荷兰	75.2
76	国立台湾大学	National Taiwan University (NTU)	台湾	75.1
77	诺丁汉大学	The University of Nottingham	英国	74.9
78	波士顿大学	Boston University	美国	74.8
79	德克萨斯大学奥斯汀分校	University of Texas at Austin	美国	74.6
80	乌得勒支大学	Utrecht University	荷兰	74.5
81	乌普萨拉大学	Uppsala University	瑞典	74.2
82	鲁汶大学（荷兰语）	KU Leuven	比利时	74.1
83	蒙特利尔大学	Université de Montréal	加拿大	73.6
84	阿尔伯塔大学	University of Alberta	加拿大	73.3
85	日内瓦大学	University of Geneva	瑞士	73.1
86	代尔夫特理工大学	Delft University of Technology	荷兰	72.9
86	浦项科技大学	Pohang University of Science And Technology (POSTECH)	韩国	72.9
88	圣安德鲁斯大学	University of St Andrews	英国	72.7
89	西澳大学	The University of Western Australia	澳大利亚	72.6
90	格罗宁根大学	University of Groningen	荷兰	72.1
90	鹿特丹伊拉斯姆斯大学	Erasmus University Rotterdam	荷兰	72.1
92	奥克兰大学	The University of Auckland	新西兰	72
92	杜伦大学	Durham University	英国	72
94	南安普敦大学	University of Southampton	英国	71.9
95	加州大学戴维斯分校	University of California, Davis	美国	71.7
96	奥胡斯大学	Aarhus University	丹麦	71.6
97	利兹大学	University of Leeds	英国	71.3
98	伦敦大学玛丽女王学院	Queen Mary, University of London (QMUL)	英国	71.2
99	圣路易斯华盛顿大学	Washington University in St. Louis	美国	70.8
100	阿德雷德大学	The University of Adelaide	澳大利亚	70.5
101	奥斯陆大学	University of Oslo	挪威	70.1
102	普渡大学西拉法叶分校	Purdue University	美国	69.5
103	名古屋大学	Nagoya University	日本	69.4
104	上海交通大学	Shanghai Jiao Tong University	中国	69.1
105	洛桑大学	University of Lausanne	瑞士	68.9
106	延世大学	Yonsei University	韩国	68.4
107	佐治亚理工学院	Georgia Institute of Technology	美国	68.3
108	香港城市大学	City University of Hong Kong	香港	68.2
109	俄亥俄州立大学	Ohio State University	美国	68.1
110	瑞典皇家理工学院	KTH, Royal Institute of Technology	瑞典	67.9
111	匹兹堡大学	University of Pittsburgh	美国	67.7
112	宾州州立大学公园分校	Pennsylvania State University	美国	67.5
113	麦克马斯特大学	McMaster University	加拿大	67.4
114	莫斯科国立大学	Lomonosov Moscow State University	俄罗斯	66.9
115	皮埃尔和玛丽·居里大学	Université Pierre et Marie Curie (UPMC)	法国	66.2
116	高丽大学	Korea University	韩国	66
116	巴塞尔大学	University of Basel	瑞士	66
118	马斯特里赫特大学	Maastricht University	荷兰	65.8
119	明尼苏达大学双城分校	University of Minnesota	美国	65.7
120	约克大学（英国）	University of York	英国	65.1
121	弗莱堡大学	Universit?t Freiburg	德国	64.8
122	马里兰大学学院公园分校	University of Maryland, College Park	美国	64.7
123	卡迪夫大学	Cardiff University	英国	64.5
123	利物浦大学	University of Liverpool	英国	64.5
123	丹麦理工大学	Technical University of Denmark	丹麦	64.5
126	九州大学	Kyushu University	日本	64.4
127	卡尔斯鲁厄理工学院	Karlsruhe Institute of Technology (KIT)	德国	64.3
127	纽卡斯尔大学（英国）	Newcastle University	英国	64.3
129	根特大学	Ghent University	比利时	64.2
129	莱斯大学	Rice University	美国	64.2
131	南加州大学	University of Southern California	美国	64
132	圣保罗大学	Universidade de S?o Paulo (USP)	巴西	63.9
132	加州大学圣塔芭芭拉分校	University of California, Santa Barbara (UCSB)	美国	63.9
134	柏林洪堡大学	Humboldt-Universit?t zu Berlin	德国	63.7
135	北海道大学	Hokkaido University	日本	63.4
136	达特茅斯学院	Dartmouth College	美国	63.3
137	阿伯丁大学	University of Aberdeen	英国	62.9
138	耶路撒冷希伯来大学	Hebrew University of Jerusalem	以色列	62.7
139	都柏林大学	University College Dublin	爱尔兰	62.6
140	成均馆大学	Sungkyunkwan University	韩国	62.2
141	开普敦大学	University of Cape Town	南非	62
141	蒂宾根大学	Eberhard Karls Universit?t Tübingen	德国	62
141	弗吉尼亚大学	University of Virginia	美国	62
144	浙江大学	Zhejiang University	中国	61.9
145	伯尔尼大学	University of Bern	瑞士	61.8
146	哥廷根大学	Georg-August-Universit?t G?ttingen	德国	61.5
147	亚琛工业大学	Rheinisch-Westf?lische Technische Hochschule Aachen	德国	61.2
147	中国科技大学	University of Science and Technology of China	中国	61.2
147	埃因霍温科技大学	Eindhoven University of Technology	荷兰	61.2
150	柏林自由大学	Freie Universit?t Berlin	德国	61.1
151	马来亚大学	Universiti Malaya (UM)	马来西亚	61
151	瓦格宁根大学	Wageningen University	荷兰	61
153	加州大学尔湾分校	University of California, Irvine	美国	60.8
154	鲁汶大学（法语）	Université Catholique de Louvain (UCL)	比利时	60.7
155	卑尔根大学	University of Bergen	挪威	60.3
156	维也纳大学	University of Vienna	奥地利	60
156	奈梅亨大学	Radboud University Nijmegen	荷兰	60
156	艾茉莉大学	Emory University	美国	60
159	奥塔戈大学	University of Otago	新西兰	59.9
160	兰卡斯特大学	Lancaster University	英国	59.7
161	埃克塞特大学	University of Exeter	英国	59.6
162	南京大学	Nanjing University	中国	59.3
162	香港理工大学	The Hong Kong Polytechnic University	香港	59.3
164	罗切斯特大学	University of Rochester	美国	59
165	德州农工大学	Texas A&M University	美国	58.8
166	巴塞罗那大学	University of Barcelona	西班牙	58.7
167	智利天主大学	Pontificia Universidad Católica de Chile	智利	58.3
167	国立清华大学	National Tsing Hua University	台湾	58.3
169	滑铁卢大学	University of Waterloo	加拿大	57.8
170	贝尔法斯特女王大学	Queen's University of Belfast	英国	57.7
171	阿姆斯特丹自由大学	VU University Amsterdam	荷兰	57.6
171	卡尔加里大学	University of Calgary	加拿大	57.6
173	巴塞罗那自治大学	Universitat Autónoma de Barcelona	西班牙	57.5
173	布鲁塞尔自治大学	Université Libre de Bruxelles (ULB)	比利时	57.5
175	墨西哥国立自治大学	Universidad Nacional Autónoma de México (UNAM)	墨西哥	56.9
175	查尔姆斯理工大学	Chalmers University of Technology	瑞典	56.9
177	波恩大学	Rheinische Friedrich-Wilhelms-Universit?t Bonn	德国	56.8
178	马德里自治大学	Universidad Autónoma de Madrid	西班牙	56.5
179	里昂高等师范学院	Ecole Normale Supérieure de Lyon	法国	56.3
179	巴斯大学	University of Bath	英国	56.3
181	布鲁塞尔自由大学	Vrije Universiteit Brussel (VUB)	比利时	56.2
182	博洛尼亚大学	University of Bologna	意大利	55.8
182	斯德哥尔摩大学	Stockholm University	瑞典	55.8
182	科罗拉多大学博尔德分校	University of Colorado Boulder	美国	55.8
182	范德堡大学	Vanderbilt University	美国	55.8
186	伊利诺伊大学芝加哥分校	University of Illinois, Chicago (UIC)	美国	55.7
187	皇后大学	Queen's University, Ontario	加拿大	55.5
187	阿尔托大学	Aalto University	芬兰	55.5
189	凯斯西储大学	Case Western Reserve University	美国	55.4
190	以色列理工学院	Technion - Israel Institute of Technology	以色列	55.3
191	西安大略大学	Western University	加拿大	55.2
192	柏林工业大学	Technische Universit?t Berlin	德国	54.9
192	汉堡大学	Universit?t Hamburg	德国	54.9
192	佛罗里达大学	University of Florida	美国	54.9
195	密歇根州立大学	Michigan State University	美国	54.6
195	特拉维夫大学	Tel Aviv University	以色列	54.6
197	庆应义塾大学	Keio University	日本	54.4
198	布宜诺斯艾利斯大学	Universidad de Buenos Aires	阿根廷	54.3
198	筑波大学	University of Tsukuba	日本	54.3
200	萨塞克斯大学	University of Sussex	英国	53.9
200	乔治敦大学	Georgetown University	美国	53.9
202	罗马第一大学	Sapienza University of Rome	意大利	53.8
202	雷丁大学	University of Reading	英国	53.8
202	国立交通大学	National Chiao Tung University	台湾	53.8
205	安特卫普大学	University of Antwerp	比利时	53.6
206	坎皮纳斯州立大学	Universidade Estadual de Campinas	巴西	53.5
206	哥德堡大学	University of Gothenburg	瑞典	53.5
208	图库大学	University of Turku	芬兰	53.4
209	巴黎第一十一大学	Université Paris-Sud 11	法国	53.3
210	巴黎第七大学	Université Paris Diderot - Paris 7	法国	53
211	莱斯特大学	University of Leicester	英国	52.7
212	马德里康普顿大学	University Complutense Madrid	西班牙	52.2
212	特文特大学	University of Twente	荷兰	52.2
214	塔夫斯大学	Tufts University	美国	51.9
215	格勒诺布尔大学	Université Joseph Fourier - Grenoble 1	法国	51.8
215	亚利桑那大学	University of Arizona	美国	51.8
217	法兰克福大学	Universit?t Frankfurt am Main	德国	51.6
218	渥太华大学	University of Ottawa	加拿大	51.3
219	汉阳大学	Hanyang University	韩国	51.1
220	智利大学	Universidad de Chile	智利	50.9
220	早稻田大学	Waseda University	日本	50.9
222	印度理工学院孟买分校	Indian Institute of Technology Bombay (IITB)	印度	50.7
222	西门菲莎大学	Simon Fraser University	加拿大	50.7
222	巴黎政治学院	Sciences Po Paris	法国	50.7
225	法赫德国王石油与矿产大学	King Fahd University of Petroleum & Minerals	沙特阿拉伯	50.5
226	斯特拉斯堡大学	Université de Strasbourg	法国	50.4
227	巴黎第四大学	Université Paris-Sorbonne (Paris IV)	法国	50.3
228	巴黎第一大学	Université Paris 1 Panthéon-Sorbonne	法国	50
229	米兰理工大学	Politecnico di Milano	意大利	49.9
230	科克大学	University College Cork	爱尔兰	49.5
230	邓迪大学	University of Dundee	英国	49.5
232	国立成功大学	National Cheng Kung University	台湾	49.3
233	圣彼得堡国立大学	Saint-Petersburg State University	俄罗斯	49.2
234	德累斯顿工业大学	Technische Universit?t Dresden	德国	49.1
235	印度理工学院德里分校	Indian Institute of Technology Delhi (IITD)	印度	48.6
235	戴尔豪斯大学	Dalhousie University	加拿大	48.6
237	圣母大学	University of Notre Dame	美国	48.5
238	米兰大学	University of Milano	意大利	48.2
239	迈阿密大学	University of Miami	美国	47.6
240	北京师范大学	Beijing Normal University	中国	47.4
240	东安格利亚大学	University of East Anglia (UEA)	英国	47.4
242	坎特伯雷大学（新西兰）	University of Canterbury	新西兰	47.2
243	朱拉隆功大学	Chulalongkorn University	泰国	47.1
244	查尔斯大学	Charles University	捷克共和国	47
245	比萨大学	University of Pisa	意大利	46.9
246	挪威科技大学	Norwegian University of Science And Technology	挪威	46.4
246	维也纳科技大学	Vienna University of Technology	奥地利	46.4
246	斯凯莱德大学	University of Strathclyde	英国	46.4
249	明斯特大学	Westf?lische Wilhelms-Universit?t Münster	德国	46.2
249	沙特国王大学	King Saud University	沙特阿拉伯	46.2
249	贝鲁特美国大学	American University of Beirut (AUB)	黎巴嫩	46.2
249	乌尔姆大学	Universit?t Ulm	德国	46.2
253	蒙特雷科技大学	Tecnológico de Monterrey (ITESM)	墨西哥	46.1
254	麦考瑞大学	Macquarie University	澳大利亚	45.8
254	纳瓦拉大学	University of Navarra	西班牙	45.8
256	国立阳明大学	National Yang Ming University	台湾	45.6
257	玛希隆大学	Mahidol University	泰国	45.5
257	纽卡斯尔大学（澳洲）	The University of Newcastle	澳大利亚	45.5
259	马来西亚国民大学	Universiti Kebangsaan Malaysia (UKM)	马来西亚	45.4
259	奥卢大学	University of Oulu	芬兰	45.4
261	加州大学河滨分校	University of California, Riverside	美国	45.2
262	帕多瓦大学	University of Padua	意大利	45.1
262	哥伦比亚安第斯大学	Universidad de Los Andes Colombia	哥伦比亚	45.1
264	悉尼科技大学	University of Technology Sydney	澳大利亚	45
265	拉夫堡大学	Loughborough University	英国	44.9
265	加州大学圣克鲁兹分校	University of California, Santa Cruz	美国	44.9
267	于默奥大学	Ume? University	瑞典	44.8
267	东芬兰大学	University of Eastern Finland	芬兰	44.8
269	达姆施塔特工业大学	Technische Universit?t Darmstadt	德国	44.7
269	爱荷华大学	University of Iowa	美国	44.7
271	里约热内卢联邦大学	Universidade Federal do Rio de Janeiro	巴西	44.5
272	印第安纳大学伯明顿分校	Indiana University Bloomington	美国	44.4
272	列日大学	University of Liege	比利时	44.4
274	斯图加特大学	Universit?t Stuttgart	德国	44.3
275	惠灵顿维多利亚大学	Victoria University of Wellington	新西兰	44.2
275	庆熙大学	Kyung Hee University	韩国	44.2
275	伦敦大学皇家霍洛威学院	Royal Holloway University of London	英国	44.2
278	巴黎第五大学	Université Paris Descartes	法国	44
279	罗格斯大学	Rutgers, The State University of New Jersey, New Brunswick	美国	43.7
280	国立爱尔兰大学高威分校	National University of Ireland, Galway	爱尔兰	43.6
280	叶史瓦大学	Yeshiva University	美国	43.6
282	马萨诸塞大学阿默斯特分校	University of Massachusetts, Amherst	美国	43.5
283	林雪平大学	Link?ping University	瑞典	43.4
283	卧龙岗大学	University of Wollongong	澳大利亚	43.4
285	昆士兰科技大学	Queensland University of Technology	澳大利亚	43.2
285	埃尔朗根-纽伦堡大学	Universit?t Erlangen-Nürnberg	德国	43.2
287	阿根廷南方大学	Universidad Austral - Argentina	阿根廷	43.1
288	因斯布鲁克大学	Universit?t Innsbruck	奥地利	42.9
289	莱比锡大学	Universit?t Leipzig	德国	42.3
290	维多利亚大学	University of Victoria	加拿大	42.2
290	巴黎路桥学院	école des Ponts ParisTech	法国	42.2
292	本古里安大学	Ben Gurion University of The Negev	以色列	42.1
293	波尔图大学	University of Porto	葡萄牙	42
294	亚利桑那州立大学	Arizona State University	美国	41.9
294	神户大学	Kobe University	日本	41.9
294	马来西亚理工大学	Universiti Teknologi Malaysia (UTM)	马来西亚	41.9
294	东京医科齿科大学	Tokyo Medical and Dental University	日本	41.9
298	庞培法布拉大学	Universitat Pompeu Fabra	西班牙	41.7
298	拉瓦尔大学	Laval University	加拿大	41.7
300	印度理工学院坎普尔分校	Indian Institute of Technology Kanpur (IITK)	印度	41.6
300	乔治华盛顿大学	George Washington University	美国	41.6
300	美因茨大学	Johannes Gutenberg Universit?t Mainz	德国	41.6
300	纽约州立大学水牛城分校	University at Buffalo SUNY	美国	41.6
304	皇家墨尔本理工大学	RMIT University	澳大利亚	41.5
305	罗马第二大学	Università? degli Studi di Roma - Tor Vergata	意大利	41.3
305	科隆大学	Universit?t zu K?ln	德国	41.3
305	法拉比国立哈萨克斯坦大学	Al-Farabi Kazakh National University	哈萨克斯坦	41.3
308	南丹麦大学	University of Southern Denmark	丹麦	41.1
309	马来西亚科技大学	Universiti Sains Malaysia (USM)	马来西亚	41
310	印度尼西亚大学	University of Indonesia	印尼	40.9
310	康斯坦茨大学	Universit?t Konstanz	德国	40.9
312	新星葡京大学	Universidade Nova de Lisboa	葡萄牙	40.8
313	犹他大学	University of Utah	美国	40.7
314	广岛大学	Hiroshima University	日本	40.5
314	萨里大学	University of Surrey	英国	40.5
316	哥伦比亚国立大学	Universidad Nacional de Colombia	哥伦比亚	40.4
316	布兰迪斯大学	Brandeis University	美国	40.4
318	威特沃特斯兰德大学	University of The Witwatersrand	南非	40.3
318	韦韦斯屈莱大学	University of Jyv?skyl?	芬兰	40.3
318	香港浸会大学	Hong Kong Baptist University	香港	40.3
321	中山大学	Sun Yat-sen University	中国	40.2
322	印度理工学院马德拉斯分校	Indian Institute of Technology Madras (IITM)	印度	40.1
322	莫斯科国立科技大学	Bauman Moscow State Technical University	俄罗斯	40.1
324	印度理工学院克勒格布尔分校	Indian Institute of Technology Kharagpur (IITKGP)	印度	40
324	格里菲斯大学	Griffith University	澳大利亚	40
324	国立欧亚大学	L.N. Gumilyov Eurasian National University	哈萨克斯坦	40
324	夏威夷大学马诺阿分校	University of Hawaii at Ma?oa	美国	40
328	南开大学	Nankai University	中国	39.9
328	新西伯利亚国立大学	Novosibirsk State University	俄罗斯	39.9
328	曼海姆大学	Universit?t Mannheim	德国	39.9
331	伦敦大学亚非学院	SOAS - School of Oriental and African Studies, University of London	英国	39.8
331	科廷大学	Curtin University	澳大利亚	39.8
333	南澳大学	University of South Australia	澳大利亚	39.7
334	阿卜杜勒阿齐兹国王大学	King Abdul Aziz University (KAU)	沙特阿拉伯	39.6
335	华沙大学	University of Warsaw	波兰	39.5
335	武汉大学	Wuhan University	中国	39.5
337	加泰罗尼亚理工大学	Universitat Politècnica de Catalunya	西班牙	39.3
338	卡尚高等师范学院	Ecole Normale Supérieure de Cachan	法国	39.2
338	特罗姆瑟大学	University of Tromso	挪威	39.2
338	维克森林大学	Wake Forest University	美国	39.2
341	马赛大学	Université Aix-Marseille	法国	39.1
341	伦敦城市大学	City University London	英国	39.1
341	波士顿学院	Boston College	美国	39.1
341	维尔茨堡大学	Julius-Maximilians-Universit?t Würzburg	德国	39.1
345	那不勒斯大学	University of Naples - Federico Ii	意大利	39
346	梅西大学	Massey University	新西兰	38.9
347	哈韦里安纳主教大学	Pontificia Universidad Javeriana	哥伦比亚	38.8
348	不来梅大学	Universit?t Bremen	德国	38.5
348	爱荷华州立大学	Iowa State University	美国	38.5
350	詹姆斯库克大学	James Cook University	澳大利亚	38.4
351	科英布拉大学	University of Coimbra	葡萄牙	38.3
352	佛罗伦萨大学	University of Florence	意大利	38.1
352	赫瑞瓦特大学	Heriot-Watt University	英国	38.1
352	纽约州立大学石溪分校	Stony Brook University	美国	38.1
355	马德里卡洛斯三世大学	Universidad Carlos III de Madrid	西班牙	38
355	弗吉尼亚理工学院	Virginia Polytechnic Institute (Virginia Tech)	美国	38
355	梨花女子大学	Ewha Womans University	韩国	38
355	布鲁内尔大学	Brunel University	英国	38
359	伦斯勒理工学院	Rensselaer Polytechnic Institute	美国	37.7
360	迪肯大学	Deakin University	澳大利亚	37.5
360	开罗美国大学	American University in Cairo	埃及	37.5
362	坦佩雷理工大学	Tampere University of Technology	芬兰	37.4
363	波尔多大学	Université de Bordeaux	法国	37.3
363	奥尔堡大学	Aalborg University	丹麦	37.3
365	都灵理工大学	Politecnico di Torino	意大利	37.1
366	都柏林城市大学	Dublin City University	爱尔兰	37
367	菲律宾大学	University of the Philippines	菲律宾	36.9
367	蒂尔堡大学	Tilburg University	荷兰	36.9
367	巴黎第九大学	Université Paris Dauphine	法国	36.9
370	埃塞克斯大学	University of Essex	英国	36.8
371	雅盖隆大学	Jagiellonian University	波兰	36.6
371	帕维亚大学	Università  degli Studi di Pavia	意大利	36.6
371	国立台湾科技大学	National Taiwan University of Science And Technology (formerly National Taiwan Institute of Technology)	台湾	36.6
371	堪萨斯大学	University of Kansas	美国	36.6
375	密西西比大学	University of Mississippi	美国	36.5
376	马来西亚博特拉大学	Universiti Putra Malaysia (UPM)	马来西亚	36.4
377	天主教圣心大学	Università  Cattolica del Sacro Cuore	意大利	36.2
377	德克萨斯大学达拉斯分校	University of Texas at Dallas	美国	36.2
379	塔尔图大学	University of Tartu	爱沙尼亚	36.1
379	华盛顿州立大学	Washington State University	美国	36.1
379	牛津布鲁克斯大学	Oxford Brookes University	英国	36.1
379	台北医科大学	Taipei Medical University	台湾	36.1
379	西安交通大学	Xi'an Jiaotong University	中国	36.1
384	西江大学	Sogang University	韩国	36
385	马德里理工大学	Politécnica de Madrid	西班牙	35.9
385	阿联酋大学	United Arab Emirates University	阿联酋	35.9
385	坦佩雷大学	University of Tampere	芬兰	35.9
388	波鸿大学	Ruhr-Universit?t Bochum	德国	35.8
388	北卡罗来纳州立大学	North Carolina State University	美国	35.8
390	斯泰伦博斯大学	Stellenbosch University	南非	35.6
390	沙迦美国大学	American University of Sharjah (AUS)	阿联酋	35.6
390	阿斯顿大学	Aston University	英国	35.6
393	同济大学	Tongji University	中国	35.5
394	都灵大学	University of Turin	意大利	35.2
395	雷根斯堡大学	Universit?t Regensburg	德国	35
396	基尔大学（德国）	Christian-Albrechts-Universit?t zu Kiel	德国	34.9
397	耶拿大学	Universit?t Jena	德国	34.8
397	新墨西哥大学	University of New Mexico	美国	34.8
399	毕尔坎特大学	Bilkent University	土耳其	34.7
399	海峡大学	Bogazici University	土耳其	34.7
399	莫斯科国立国际关系学院	Moscow State Institute of International Relations (MGIMO-University)	俄罗斯	34.7
399	东北大学	Northeastern University	美国	34.7
401-410	里昂第一大学	Université Claude Bernard Lyon 1	法国	-
401-410	中东理工大学	Middle East Technical University	土耳其	-
401-410	里昂应用科学学院	Institut National des Sciences Appliquées de Lyon (INSA)	法国	-
401-410	布宜诺斯艾利斯理工学院	Instituto Tecnológico de Buenos Aires (ITBA)	阿根廷	-
401-410	拉筹伯大学	La Trobe University	澳大利亚	-
401-410	国立中央大学	National Central University	台湾	-
401-410	阿根廷天主大学	Pontificia Universidad Católica Argentina Santa María de los Buenos Aires - UCA	阿根廷	-
401-410	康涅狄格大学	University of Connecticut	美国	-
401-410	塔斯马尼亚大学	University of Tasmania	澳大利亚	-
401-410	怀卡托大学	University of Waikato	新西兰	-
411-420	国立台湾师范大学	National Taiwan Normal University	台湾	-
411-420	格拉茨大学	Karl-Franzens-Universit?t Graz	奥地利	-
411-420	特伦托大学	University of Trento	意大利	-
411-420	布拉格科技大学	Czech Technical University In Prague	捷克共和国	-
411-420	林肯大学	Lincoln University	新西兰	-
411-420	莫斯科国立物理与科技大学	Moscow Institute of Physics and Technology State University	俄罗斯	-
411-420	杜塞尔多夫大学	Universit?t Düsseldorf	德国	-
411-420	蒙彼利埃第二大学	Université Montpellier 2, Sciences et Techniques du Languedoc	法国	-
421-430	德里大学	University of Delhi	印度	-
421-430	约克大学（加拿大）	York University	加拿大	-
421-430	圣保罗州立大学	Universidade Estadual Paulista "Júlio de Mesquita Filho" (UNESP)	巴西	-
421-430	汉诺威大学	Leibniz Universit?t Hannover	德国	-
421-430	国立基辅大学	Taras Shevchenko National University of Kyiv	乌克兰	-
421-430	杜兰大学	Tulane University	美国	-
421-430	圣安德拉大学	Universidad de San Andr??s	阿根廷	-
421-430	瓦伦西亚理工大学	Universitat Politècnica de València	西班牙	-
421-430	圣保罗联邦大学	Universidade Federal de S?o Paulo (UNIFESP)	巴西	-
421-430	圣加仑大学	University of St Gallen (HSG)	瑞士	-
431-440	国立中山大学	National Sun Yat-sen University	台湾	-
431-440	国立釜山大学	Pusan National University	韩国	-
431-440	美利坚大学	American University	美国	-
431-440	伦敦大学伯克贝克学院	Birkbeck College, University of London	英国	-
431-440	长庚大学	Chang Gung University	台湾	-
431-440	伊利诺伊理工学院	Illinois Institute of Technology	美国	-
431-440	佐治亚大学	The University of Georgia	美国	-
431-440	特拉华大学	University of Delaware	美国	-
431-440	贵湖大学	University of Guelph	加拿大	-
431-440	田纳西大学	University of Tennessee	美国	-
441-450	图卢兹第三大学	Université Paul Sabatier Toulouse III	法国	-
441-450	厦门大学	Xiamen University	中国	-
441-450	埃博学术大学	Abo Akademi University	芬兰	-
441-450	韩国中央大学	Chung-Ang University	韩国	-
441-450	科罗拉多州立大学	Colorado State University	美国	-
441-450	哈里发大学	Khalifa University	阿联酋	-
441-450	雅典国立科技大学	National Technical University of Athens	希腊	-
441-450	东京都会大学	Tokyo Metropolitan University	日本	-
441-450	萨尔大学	Universit?t des Saarlandes	德国	-
441-450	舍布鲁克大学	Université de Sherbrooke	加拿大	-
451-460	拉普拉塔国立大学	Universidad Nacional de La Plata	阿根廷	-
451-460	智利圣地亚哥大学	Universidad de Santiago de Chile - USACH	智利	-
451-460	米纳斯吉拉斯州联邦大学	Universidade Federal de Minas Gerais	巴西	-
451-460	北京航空航天大学	Beihang University (former BUAA)	中国	-
451-460	佛罗里达州立大学	Florida State University	美国	-
451-460	俄勒冈州立大学	Oregon State University	美国	-
451-460	克里特大学	University of Crete	希腊	-
451-460	肯特大学	University of Kent	英国	-
451-460	密苏里大学	University of Missouri, Columbia	美国	-
451-460	俄克拉荷马大学	University of Oklahoma	美国	-
461-470	万隆理工学院	Bandung Institute of Technology (ITB)	印尼	-
461-470	格拉纳达大学	University of Granada	西班牙	-
461-470	亚里士多德大学	Aristotle University of Thessaloniki	希腊	-
461-470	马尼拉雅典耀大学	Ateneo de Manila University	菲律宾	-
461-470	协和大学（加拿大）	Concordia University	加拿大	-
461-470	印度理工学院鲁尔基分校	Indian Institute of Technology Roorkee (IITR)	印度	-
461-470	KOC大学	Koc University	土耳其	-
461-470	人民大学	Renmin (People’s) University of China	中国	-
461-470	斯旺西大学	Swansea University	英国	-
461-470	贝尔格拉诺大学	Universidad de Belgrano	阿根廷	-
471-480	纽约市立大学	City University of New York	美国	-
471-480	南里奥格兰德州联邦大学	Universidade Federal do Rio Grande Do Sul	巴西	-
471-480	比勒陀利亚大学	University of Pretoria	南非	-
471-480	安德鲁贝罗天主大学	Universidad Católica Andrés Bello - UCAB	委内瑞拉	-
471-480	班戈大学	Bangor University	英国	-
471-480	邦德大学	Bond University	澳大利亚	-
471-480	俄罗斯友谊大学	People's Friendship University of Russia	俄罗斯	-
471-480	萨班哲大学	Sabanci University	土耳其	-
471-480	锡耶纳大学	University of Siena	意大利	-
471-480	辛辛那提大学	University of Cincinnati	美国	-
481-490	萨拉曼卡大学	University of Salamanca	西班牙	-
481-490	哥斯达黎加大学	Universidad de Costa Rica	哥斯达黎加	-
481-490	佛林德斯大学	Flinders University	澳大利亚	-
481-490	韩国外国语大学	Hankuk (Korea) University of Foreign Studies	韩国	-
481-490	哈尔滨工业大学	Harbin Institute of Technology	中国	-
481-490	华中科技大学	Huazhong University of Science and Technology	中国	-
481-490	莫斯科核子研究大学	National Research Nuclear University MEPhI (Moscow Engineering Physics Institute)	俄罗斯	-
481-490	伊斯兰堡国立科技大学	National University of Sciences And Technology (NUST) Islamabad	巴基斯坦	-
481-490	圣彼得堡国立理工大学	St. Petersburg State Politechnical University	俄罗斯	-
481-490	拜罗伊特大学	Universit?t Bayreuth	德国	-
481-490	里尔第一大学	Université Lille 1, Sciences et Technologie	法国	-
481-490	萨斯喀彻温大学	University of Saskatchewan	加拿大	-
481-490	南佛罗里达大学	University of South Florida	美国	-
481-490	佛蒙特大学	University of Vermont	美国	-
481-490	哈尔科夫国立大学	V.N. Karazin Kharkiv National University	乌克兰	-
491-500	白俄罗斯国立大学	Belarus State University	白俄罗斯	-
491-500	千叶大学	Chiba University	日本	-
491-500	雅典大学	National and Kapodistrian University of Athens	希腊	-
491-500	马尔堡大学	Philipps-Universit?t Marburg	德国	-
491-500	多特蒙德工业大学	Technische Universit?t Dortmund	德国	-
491-500	国立托木斯克大学	Tomsk State University	俄罗斯	-
501-550	科尔多瓦国立大学	Universidad Nacional de Córdoba	阿根廷	-
501-550	秘鲁天主大学	Pontificia Universidad Católica del Perú	秘鲁	-
501-550	里斯本大学	University of Lisbon	葡萄牙	-
501-550	塞维利亚大学	Universidad de Sevilla	西班牙	-
501-550	安蒂奥基亚大学	Universidad de Antioquia	哥伦比亚	-
501-550	里约热内卢天主大学	Pontificia Universidade Católica do Rio de Janeiro (PUC - Rio)	巴西	-
501-550	瓦伦西亚大学	Universitat de Valencia	西班牙	-
501-550	清迈大学	Chiang Mai University	泰国	-
501-550	比勒费尔德大学	Universit?t Bielefeld	德国	-
501-550	魁北克大学	Université du Québec	加拿大	-
501-550	穆罕默德·伊本大学	Al-Imam Mohamed Ibn Saud Islamic University	沙特阿拉伯	-
501-550	阿拉伯海湾大学	Arabian Gulf University	巴林	-
501-550	奥克兰理工大学	Auckland University of Technology	新西兰	-
501-550	北京理工大学	Beijing Institute of Technology	中国	-
501-550	卡尔顿大学	Carleton University	加拿大	-
501-550	华东师范大学	East China Normal University	中国	-
501-550	伦敦大学金史密斯学院	Goldsmiths, University of London	英国	-
501-550	马来西亚国际伊斯兰大学	International Islamic University Malaysia (IIUM)	马来西亚	-
501-550	伊斯坦布尔科技大学	Istanbul Technical University	土耳其	-
501-550	吉林大学	Jilin University	中国	-
501-550	金泽大学	Kanazawa University	日本	-
501-550	堪萨斯州立大学	Kansas State University	美国	-
501-550	基尔大学	Keele University	英国	-
501-550	金斯顿大学	Kingston University, London	英国	-
501-550	路易斯安那州立大学	Louisiana State University	美国	-
501-550	国立中兴大学	National Chung Hsing University	台湾	-
501-550	国立高等经济学院	National Research University – Higher School of Economics (HSE)	俄罗斯	-
501-550	冈山大学	Okayama University	日本	-
501-550	上海大学	Shanghai University	中国	-
501-550	塔林理工大学	Tallinn University of Technology	爱沙尼亚	-
501-550	布伦瑞克工业大学	Technische Universit?t Braunschweig	德国	-
501-550	韩国天主大学	The Catholic University of Korea	韩国	-
501-550	天津大学	Tianjin University	中国	-
501-550	托木斯克理工大学	Tomsk Polytechnic University	俄罗斯	-
501-550	萨拉戈萨大学	Universidad de Zaragoza	西班牙	-
501-550	杜伊斯堡-埃森大学	Universit?t Duisburg-Essen	德国	-
501-550	蒙彼利埃第一大学	Université Montpellier 1	法国	-
501-550	尼斯大学	Université Nice Sophia-Antipolis	法国	-
501-550	巴黎第二大学	Université Panthéon-Assas (Paris 2)	法国	-
501-550	阿拉巴马大学	University of Alabama	美国	-
501-550	肯塔基大学	University of Kentucky	美国	-
501-550	夸祖鲁-纳塔尔大学	University of Kwazulu-Natal	南非	-
501-550	利默里克大学	University of Limerick	爱尔兰	-
501-550	卢布尔雅那大学	University of Ljubljana	斯洛文尼亚	-
501-550	曼尼托巴大学	University of Manitoba	加拿大	-
501-550	米兰比卡可大学	University of Milano-Bicocca	意大利	-
501-550	南卡罗来纳大学	University of South Carolina	美国	-
501-550	斯特林大学	University of Stirling	英国	-
501-550	横滨城市大学	Yokohama City University	日本	-
551-600	加札马达大学	Universitas Gadjah Mada	印尼	-
551-600	开罗大学	Cairo University	埃及	-
551-600	委内瑞拉中央大学	Universidad Central de Venezuela - UCV	委内瑞拉	-
551-600	查尔斯达尔文大学	Charles Darwin University	澳大利亚	-
551-600	国立全北大学	Chonbuk National University	韩国	-
551-600	威廉玛丽学院	College of William & Mary	美国	-
551-600	东国大学	Dongguk University	韩国	-
551-600	德雷塞尔大学	Drexel University	美国	-
551-600	都柏林理工学院	Dublin Institute of Technology	爱尔兰	-
551-600	印度理工学院古瓦哈提分校	Indian Institute of Technology Guwahati (IITG)	印度	-
551-600	仁荷大学	Inha University	韩国	-
551-600	墨西哥国立理工大学	Instituto Politécnico Nacional (IPN)	墨西哥	-
551-600	林茨大学	Johannes Kepler University Linz	奥地利	-
551-600	吉森大学	Justus-Liebig-Universit?t Gie?en	德国	-
551-600	喀山联邦大学	Kazan Federal University	俄罗斯	-
551-600	庆北国立大学	Kyungpook National University	韩国	-
551-600	马萨里克大学	Masaryk University	捷克共和国	-
551-600	密歇根理工大学	Michigan Technological University	美国	-
551-600	默多克大学	Murdoch University	澳大利亚	-
551-600	长崎大学	Nagasaki University	日本	-
551-600	台北科技大学	National Taipei University of Technology	台湾	-
551-600	乌克兰国立理工大学	National Technical University of Ukraine "Kyiv Polytechnic Institute"	乌克兰	-
551-600	新泽西理工学院	New Jersey Institute of Technology (NJIT)	美国	-
551-600	圣保罗天主政治大学	Pontificia Universidade Católica de S?o Paulo (PUC -SP)	巴西	-
551-600	卡塔尔大学	Qatar University	卡塔尔	-
551-600	山东大学	Shandong University	中国	-
551-600	东南大学	Southeast University	中国	-
551-600	斯威本科技大学	Swinburne University of Technology	澳大利亚	-
551-600	麦加大学	Umm Al-Qura University	沙特阿拉伯	-
551-600	伊比利亚美洲大学	Universidad Iberoamericana (UIA)	墨西哥	-
551-600	泛美大学	Universidad Panamericana (UP)	墨西哥	-
551-600	巴西利亚大学	Universidade de Brasilia (UnB)	巴西	-
551-600	圣地亚哥德孔波斯特拉大学	Universidade de Santiago de Compostela	西班牙	-
551-600	圣卡洛斯联邦大学	Universidade Federal de S?o Carlos	巴西	-
551-600	热那亚大学	University of Genoa	意大利	-
551-600	佩鲁贾大学	Perugia University	意大利	-
551-600	洛林大学	Université de Lorraine	法国	-
551-600	雷恩第一大学	Université de Rennes 1	法国	-
551-600	黎巴嫩圣约瑟夫大学	Université Saint-Joseph de Beyrouth	黎巴嫩	-
551-600	休斯敦大学	University of Houston	美国	-
551-600	赫尔大学	University of Hull	英国	-
551-600	孟买大学	University of Mumbai	印度	-
551-600	内布拉斯加大学林肯分校	University of Nebraska - Lincoln	美国	-
551-600	俄勒冈大学	University of Oregon	美国	-
551-600	沙迦大学	University of Sharjah	阿联酋	-
551-600	塞格德大学	University of Szeged	匈牙利	-
551-600	阿尔斯特大学	University of Ulster	英国	-
551-600	乌拉尔联邦大学	Ural Federal University	俄罗斯	-
551-600	维尔纽斯大学	Vilnius University	立陶宛	-
551-600	弗吉尼亚联邦大学	Virginia Commonwealth University	美国	-
601-650	加尔各答大学	University of Calcutta	印度	-
601-650	泰国法政大学	Thammasat University	泰国	-
601-650	康塞普西翁大学	Universidad de Concepción	智利	-
601-650	阿伯斯威大学	Aberystwyth University	英国	-
601-650	迪拜美国大学	American University in Dubai	阿联酋	-
601-650	罗兰大学	Eotvos Lorand University	匈牙利	-
601-650	乔治梅森大学	George Mason University	美国	-
601-650	哈斯特帕大学	Hacettepe University	土耳其	-
601-650	霍华德大学	Howard University	美国	-
601-650	伊斯坦布尔大学	Istanbul University	土耳其	-
601-650	国立哈萨克斯坦科技大学	Kazakh National Technical University	哈萨克斯坦	-
601-650	哈立德国王大学	King Khalid University	沙特阿拉伯	-
601-650	熊本大学	Kumamoto University	日本	-
601-650	里海大学	Lehigh University	美国	-
601-650	岭南大学	Lingnan University (Hong Kong)	香港	-
601-650	芝加哥洛约拉大学	Loyola University Chicago	美国	-
601-650	维滕堡大学	Martin-Luther-Universit?t Halle-Wittenberg	德国	-
601-650	国立政治大学	National Chengchi University	台湾	-
601-650	萨拉托夫州立大学	National Research Saratov State University	俄罗斯	-
601-650	国立爱尔兰大学梅努斯分校	National University of Ireland Maynooth	爱尔兰	-
601-650	新学校大学	New School University	美国	-
601-650	大阪城市大学	Osaka City University	日本	-
601-650	瓦尔帕莱索天主大学	Pontificia Universidad Católica de Valparaíso	智利	-
601-650	罗德斯大学	Rhodes University	南非	-
601-650	罗格斯大学纽华克分校	Rutgers - The State University of New Jersey, Newark	美国	-
601-650	沙里夫理工大学	Sharif University of Technology	伊朗	-
601-650	南部联邦大学	Southern Federal University	俄罗斯	-
601-650	苏丹卡布斯大学	Sultan Qaboos University	阿曼	-
601-650	雪城大学	Syracuse University	美国	-
601-650	天普大学	Temple University	美国	-
601-650	东京农业科技大学	Tokyo University of Agriculture and Technology	日本	-
601-650	东京科技大学	Tokyo University of Science	日本	-
601-650	阿道夫·伊瓦涅斯大学	Universidad Adolfo Ibá?ez	智利	-
601-650	ANAHUAC大学	Universidad ANAHUAC	墨西哥	-
601-650	瓜达拉哈拉大学	Universidad de Guadalajara (UDG)	墨西哥	-
601-650	巴勒莫大学	Universidad de Palermo	阿根廷	-
601-650	卡耶塔诺埃雷迪亚秘鲁大学	Universidad Peruana Cayetano Heredia	秘鲁	-
601-650	西蒙·玻利瓦尔大学	Universidad Simón Bolívar Venezuela	委内瑞拉	-
601-650	托尔夸托迪特利亚大学	Universidad Torcuato Di Tella	阿根廷	-
601-650	里斯本天主大学	Universidade Catolica Portuguesa, Lisboa	葡萄牙	-
601-650	达巴伊亚联邦大学	Universidade Federal da Bahia	巴西	-
601-650	摩德纳大学	University of Modena	意大利	-
601-650	的里雅斯特大学	University of Trieste	意大利	-
601-650	纽约州立大学阿尔巴尼分校	University at Albany SUNY	美国	-
601-650	布拉德福德大学	University of Bradford	英国	-
601-650	德布勒森大学	University of Debrecen	匈牙利	-
601-650	约翰内斯堡大学	University of Johannesburg	南非	-
601-650	新罕布什尔大学	University of New Hampshire	美国	-
601-650	帕特雷大学	University of Patras	希腊	-
601-650	首尔大学	University of Seoul	韩国	-
601-650	萨格勒布大学	University of Zagreb	克罗地亚	-
651-700	泰国农业大学	Kasetsart University	泰国	-
651-700	阿布扎比大学	Abu Dhabi University	阿联酋	-
651-700	亚洲大学	Ajou University	韩国	-
651-700	巴伊兰大学	Bar-Ilan University	以色列	-
651-700	杨百翰大学	Brigham Young University	美国	-
651-700	布尔诺科技大学	Brno University of Technology	捷克共和国	-
651-700	国立全南大学	Chonnam National University	韩国	-
651-700	国立忠南大学	Chungnam National University	韩国	-
651-700	克拉克大学	Clark University	美国	-
651-700	克拉克森大学	Clarkson University	美国	-
651-700	德拉萨大学	De La Salle University	菲律宾	-
651-700	岐阜大学	Gifu University	日本	-
651-700	群马大学	Gunma University	日本	-
651-700	翰林大学	Hallym University	韩国	-
651-700	墨西哥自治理工学院	Instituto Tecnológico Autonomo de México (ITAM)	墨西哥	-
651-700	约旦科技大学	Jordan University of Science & Technology	约旦	-
651-700	哈萨克斯坦国立师范大学	Kazakh National Pedagogical University Abai	哈萨克斯坦	-
651-700	哈英科技大学	Kazakh-British Technical University	哈萨克斯坦	-
651-700	黎巴嫩美国大学	Lebanese American University	黎巴嫩	-
651-700	国立南哈萨克斯坦大学	South Kazakhstan State University (SKSU)	哈萨克斯坦	-
651-700	纽芬兰纪念大学	Memorial University of Newfoundland	加拿大	-
651-700	米德塞斯大学	Middlesex University	英国	-
651-700	密苏里科技大学	Missouri University of Science and Technology	美国	-
651-700	新泻大学	Niigata University	日本	-
651-700	大阪府立大学	Osaka Prefecture University	日本	-
651-700	南里奥格兰德天主教大学	Pontificia Universidade Católica do Rio Grande do Sul	巴西	-
651-700	高加索大学	Qafqaz University	阿塞拜疆	-
651-700	圣克莱门特大学	University of St. Kliment Ohridski	保加利亚	-
651-700	南卫理公会大学	Southern Methodist University	美国	-
651-700	苏梅州立大学	Sumy State University	乌克兰	-
651-700	阿尔卡拉大学	Universidad de Alcalá	西班牙	-
651-700	蒙得维的亚大学	Universidad de Montevideo	乌拉圭	-
651-700	迭戈波塔利斯大学	Universidad Diego Portales	智利	-
651-700	圣卡塔琳娜州联邦大学	Universidade Federal de Santa Catarina	巴西	-
651-700	巴拉那联邦大学	Universidade Federal do Paraná (UFPR)	巴西	-
651-700	南特大学	Université de Nantes	法国	-
651-700	里昂第二大学	Université Lumière Lyon 2	法国	-
651-700	玛拉科技大学	Universiti Teknologi MARA - UiTM	马来西亚	-
651-700	布雷西亚大学	University of Brescia	意大利	-
651-700	布加勒斯特大学	University of Bucharest	罗马尼亚	-
651-700	堪培拉大学	University of Canberra	澳大利亚	-
651-700	丹佛大学	University of Denver	美国	-
651-700	约旦大学	University of Jordan	约旦	-
651-700	德黑兰大学	University of Tehran	伊朗	-
651-700	蔚山大学	University of Ulsan	韩国	-
651-700	西悉尼大学	University of Western Sydney	澳大利亚	-
651-700	华沙理工大学	Warsaw University of Technology	波兰	-
651-700	伍斯特理工学院	Worcester Polytechnic Institute	美国	-
651-700	国立横滨大学	Yokohama National University	日本	-
701+	国立罗萨里奥大学	Universidad Nacional de Rosario	阿根廷	-
701+	艾因夏姆斯大学	Ain Shams University	埃及	-
701+	艾尔朗加大学	Airlangga University	印尼	-
701+	艾资哈尔大学	Al Azhar University	埃及	-
701+	亚历山大大学	Alexandria University	埃及	-
701+	亚历山德鲁·库扎大学	Alexandru Ioan Cuza University	罗马尼亚	-
701+	克拉根福大学	Alpen-Adria-Universit?t Klagenfurt	奥地利	-
701+	安卡拉大学	Ankara üniversitesi	土耳其	-
701+	青山学院大学	Aoyama Gakuin University	日本	-
701+	雅典经商大学	Athens University of Economics And Business	希腊	-
701+	奥本大学	Auburn University	美国	-
701+	贝碧思鲍耶大学	Babes-Bolyai University	罗马尼亚	-
701+	国立巴库大学	Baku State University	阿塞拜疆	-
701+	贝拿勒斯印度教大学	Banaras Hindu University	印度	-
701+	贝勒大学	Baylor University	美国	-
701+	白俄罗斯国立技术大学	Belarusian National Technical University	白俄罗斯	-
701+	普埃布拉自治大学	Benemérita Universidad Autónoma de Puebla	墨西哥	-
701+	纽约州立大学宾汉姆顿分校	Binghamton University SUNY	美国	-
701+	茂物农业大学	Bogor Agricultural University	印尼	-
701+	查理斯特大学	Charles Sturt University	澳大利亚	-
701+	克莱蒙森大学	Clemson University	美国	-
701+	布达佩斯大学	Corvinus University of Budapest	匈牙利	-
701+	考文垂大学	Coventry University	英国	-
701+	切库罗瓦大学	Cukurova University	土耳其	-
701+	蒂波尼格罗大学	Diponegoro University	印尼	-
701+	顿涅茨克国立大学	Donetsk National University	乌克兰	-
701+	同志社大学	Doshisha University	日本	-
701+	卡拉干达州立大学	E.A.Buketov Karaganda State University	哈萨克斯坦	-
701+	华东理工大学	East China University of Science and Technology	中国	-
701+	埃迪斯科文大学	Edith Cowan University	澳大利亚	-
701+	远东联邦大学	Far Eastern Federal University	俄罗斯	-
701+	福德汉姆大学	Fordham University	美国	-
701+	辅仁大学	Fu Jen Catholic University	台湾	-
701+	佐治亚州立大学	Georgia State University	美国	-
701+	鹿儿岛大学	Kagoshima University	日本	-
701+	考纳斯理工大学	Kaunas University of Technology	立陶宛	-
701+	哈萨克阿伯莱可汗大学	Kazakh Ablai khan University of International Relations and World Languages	哈萨克斯坦	-
701+	哈扎尔大学	Khazar University	阿塞拜疆	-
701+	孔敬大学	Khon Kaen University	泰国	-
701+	费萨尔国王大学	King Faisal University	沙特阿拉伯	-
701+	吞武里科技大学	King Mongkut's University of Technology Thonburi	泰国	-
701+	科威特大学	Kuwait University	科威特	-
701+	拉合尔管理大学	Lahore University of Management Sciences (LUMS)	巴基斯坦	-
701+	罗巴切夫斯基州立大学	Lobachevsky State University of Nizhni Novgorod	俄罗斯	-
701+	罗兹大学	Lodz University	波兰	-
701+	伦敦都会大学	London Metropolitan University	英国	-
701+	麦克雷雷大学	Makerere University	乌干达	-
701+	曼彻斯特都会大学	Manchester Metropolitan University	英国	-
701+	马凯特大学	Marquette University	美国	-
701+	迈阿密大学（俄亥俄）	Miami University	美国	-
701+	哈尔科夫理工学院	National Technical University "Kharkiv Polytechnic Institute"	乌克兰	-
701+	俄罗斯国立科技大学	National University of Science and Technology "MISIS"	俄罗斯	-
701+	哥白尼大学	Nicolaus Copernicus University	波兰	-
701+	诺森比亚大学	Northumbria University at Newcastle	英国	-
701+	诺丁汉特伦特大学	Nottingham Trent University	英国	-
701+	御茶水女子大学	Ochanomizu University	日本	-
701+	俄亥俄大学	Ohio University	美国	-
701+	俄克拉荷马州立大学	Oklahoma State University	美国	-
701+	萨尔茨堡大学	Paris Lodron University of Salzburg	奥地利	-
701+	俄罗斯经济大学	Plekhanov Russian University of Economics	俄罗斯	-
701+	厄瓜多尔天主大学	Pontificia Universidad Catolica del Ecuador	厄瓜多尔	-
701+	宋卡王子大学	Prince of Songkla University	泰国	-
701+	立命馆大学	Ritsumeikan University	日本	-
701+	瑞尔森大学	Ryerson University	加拿大	-
701+	哈萨克农业科技大学	S.Seifullin Kazakh Agro Technical University	哈萨克斯坦	-
701+	埼玉大学	Saitama University	日本	-
701+	泗水理工学院	Sepuluh Nopember Institute of Technology	印尼	-
701+	信州大学	Shinshu University	日本	-
701+	史密斯学院	Smith College	美国	-
701+	史蒂文斯理工学院	Stevens Institute of Technology	美国	-
701+	罗伯特戈登大学	The Robert Gordon University	英国	-
701+	东海大学	Tokai University	日本	-
701+	智利南方大学	Universidad Austral de Chile	智利	-
701+	新莱昂州自治大学	University Autónoma de Nuevo León (UANL)	墨西哥	-
701+	德尔墨西哥州自治大学	Universidad Autónoma del Estado de México	墨西哥	-
701+	墨西哥自治都会大学	Universidad Autónoma Metropolitana (UAM)	墨西哥	-
701+	德拉哈瓦那大学	Universidad de la Habana	古巴	-
701+	乌拉圭共和国大学	Universidad de la República (UdelaR)	乌拉圭	-
701+	拉萨瓦纳大学	Universidad de La Sabana	哥伦比亚	-
701+	普埃布拉拉美大学	Universidad de las Américas Puebla (UDLAP)	墨西哥	-
701+	梅里达安第斯大学	Universidad de los Andes Mérida	委内瑞拉	-
701+	穆尔西亚大学	University of Murcia	西班牙	-
701+	波多黎各大学	Universidad de Puerto Rico	波多黎各	-
701+	圣佛朗西斯科基多大学	Universidad de San Francisco de Quito	厄瓜多尔	-
701+	塔尔卡大学	Universidad de Talca	智利	-
701+	瓦尔帕莱索大学	Universidad de Valparaíso	智利	-
701+	城北大学	Universidad del Norte	哥伦比亚	-
701+	罗萨里奥大学	Universidad del Rosario	哥伦比亚	-
701+	山谷大学	Universidad del Valle	哥伦比亚	-
701+	桑坦德工业大学	Universidad Industrial de Santander	哥伦比亚	-
701+	哥斯达黎加国立大学	Universidad Nacional Costa Rica	哥斯达黎加	-
701+	国立门多萨大学	Universidad Nacional de Cuyo	阿根廷	-
701+	国立马德普拉塔大学	Universidad Nacional de Mar del Plata	阿根廷	-
701+	国立图库曼大学	Universidad Nacional de Tucumán	阿根廷	-
701+	国立南方大学	Universidad Nacional del Sur	阿根廷	-
701+	国立圣马科斯大学	Universidad Nacional Mayor de San Marcos	秘鲁	-
701+	圣玛丽亚联邦理工大学	Universidad Técnica Federico Santa María	智利	-
701+	阿根廷国立理工大学	Universidad Tecnológica Nacional (UTN)	阿根廷	-
701+	里约热内卢州立大学	Universidade do Estado do Rio de Janeiro (UERJ)	巴西	-
701+	埃斯塔杜阿尔·隆德里纳大学	Universidade Estadual de Londrina (UEL)	巴西	-
701+	圣玛丽亚联邦大学德	Universidade Federal de Santa Maria	巴西	-
701+	维索萨联邦大学	Universidade Federal de Vi?osa	巴西	-
701+	塞阿拉联邦大学	Universidade Federal do Ceará (UFC)	巴西	-
701+	伯南布哥州联邦大学	Universidade Federal do Pernambuco	巴西	-
701+	弗鲁米嫩塞联邦大学	Universidade Federal Fluminense	巴西	-
701+	威尼斯大学	Università  Ca' Foscari Venezia	意大利	-
701+	卡塔尼亚大学	Catania University	意大利	-
701+	罗马第三大学	Università degli Studi Roma Tre	意大利	-
701+	里尔第三大学	Université Charles-de-Gaulle Lille 3	法国	-
701+	卡昂大学	Université de Caen Basse-Normandie	法国	-
701+	塞吉-蓬图瓦兹大学	Université de Cergy-Pontoise	法国	-
701+	普瓦捷大学	Université de Poitiers	法国	-
701+	里昂第三大学	Université Jean Moulin Lyon 3	法国	-
701+	里尔第二大学	Université Lille 2 Droit et Santé	法国	-
701+	巴黎第十大学	Université Paris Ouest Nanterre La Défense	法国	-
701+	蒙彼利埃第三大学	Université Paul-Valéry Montpellier 3	法国	-
701+	格勒诺布尔第二大学	Université Pierre Mendès France - Grenoble 2	法国	-
701+	格勒诺布尔第三大学	Université Stendhal Grenoble 3	法国	-
701+	图卢兹第一大学	Université Toulouse 1, Capitole	法国	-
701+	图卢兹第二大学	Université Toulouse II, Le Mirail	法国	-
701+	阿肯色大学	University of Arkansas	美国	-
701+	巴格达大学	University of Baghdad	伊拉克	-
701+	巴林大学	University of Bahrain	巴林	-
701+	巴里大学	University of Bari	意大利	-
701+	贝尔格莱德大学	University of Belgrade	塞尔维亚	-
701+	宝拉维加亚大学	University of Brawijaya	印尼	-
701+	中央兰开夏大学	University of Central Lancashire	英国	-
701+	科伦坡大学	University of Colombo	斯里兰卡	-
701+	达累斯萨拉姆大学	University of Dar es Salaam	坦桑尼亚	-
701+	达卡大学	University of Dhaka	孟加拉国	-
701+	东伦敦大学	University of East London	英国	-
701+	布拉格经济大学	University of Economics Prague	捷克共和国	-
701+	拉合尔工程技术大学	University of Engineering & Technology (UET) Lahore	巴基斯坦	-
701+	加纳大学	University of Ghana	加纳	-
701+	格林威治大学	University of Greenwich	英国	-
701+	海法大学	University of Haifa	以色列	-
701+	赫特福德大学	University of Hertfordshire	英国	-
701+	哈德斯菲尔德大学	University of Huddersfield	英国	-
701+	卡拉奇大学	University of Karachi	巴基斯坦	-
701+	拉合尔大学	University of Lahore	巴基斯坦	-
701+	拉脱维亚大学	University of Latvia	拉脱维亚	-
701+	澳门大学	University of Macau	澳门	-
701+	内罗毕大学	University of Nairobi	肯尼亚	-
701+	新英格兰大学	University of New England	澳大利亚	-
701+	普利茅斯大学	University of Plymouth	英国	-
701+	普纳大学	University of Pune	印度	-
701+	索尔福德大学	University of Salford	英国	-
701+	圣地亚哥大学	University of San Diego	美国	-
701+	旧金山大学	University of San Francisco	美国	-
701+	圣托马斯大学（菲律宾）	University of Santo Tomas	菲律宾	-
701+	北京科技大学	University of Science and Technology Beijing	中国	-
701+	南昆士兰大学	University of Southern Queensland	澳大利亚	-
701+	太平洋大学	University of the Pacific	美国	-
701+	塔尔萨大学	University of Tulsa	美国	-
701+	温莎大学	University of Windsor	加拿大	-
701+	弗罗茨瓦夫大学	University of Wroclaw	波兰	-
701+	维罗纳大学	Verona University	意大利	-
701+	维多利亚大学（澳洲）	Victoria University	澳大利亚	-
701+	维尔纽斯科技大学	Vilnius Gediminas Technical University	立陶宛	-
701+	沃罗涅日国立大学	Voronezh State University	俄罗斯	-
701+	维陶塔斯·马格努斯大学	Vytautas Magnus University	立陶宛	-
701+	西蒂米什瓦拉大学	West University of Timisoara	罗马尼亚	-
701+	山口大学	Yamaguchi University	日本	-
NA	加州大学旧金山分校	University of California, San Francisco	美国	-
NA	卡罗琳医学院	Karolinska Institute	瑞典	-
NA	印度科学学院	Indian Institute of Science	印度	-
NA	尼赫鲁大学	Jawaharlal Nehru University	印度	-
NA	伦敦商学院	London Business School	英国	-
NA	魏茨曼科学研究所	Weizmann Institute of Science	以色列	-
NA	博科尼大学	Università Bocconi	意大利	-
NA	欧洲工商管理学院	INSEAD (France)	法国	-
NA	阿卜杜勒国王科技大学	King Abdullah University of Science & Technology	沙特	-
NA	贝勒医学院	Baylor College of Medicine	美国	-
NA	挪威商学院	BI Norwegian Business School	挪威	-
NA	中国医药大学	China Medical University Taichung	台湾	-
NA	哥本哈根商学院	Copenhagen Business School	丹麦	-
NA	克兰菲尔德大学	Cranfield University	英国	-
NA	ESADE商学院	ESADE Business School	西班牙	-
NA	ESCP欧洲商学院	ESCP Europe - Paris	法国	-
NA	ESSEC商学院	ESSEC Business School, Paris	法国	-
NA	EBS欧洲商学院	EBS Business School	法国	-
NA	光州科技学院	Gwangju Institute of Science and Technology (GIST)	韩国	-
NA	巴黎HEC商学院	HEC Paris	法国	-
NA	一桥大学	Hitotsubashi University	日本	-
NA	伦敦大学热带医学院	London School of Hygiene & Tropical Medicine	英国	-
NA	奎德阿萨姆大学	Quaid-i-azam University	巴基斯坦	-
NA	洛克菲勒大学	Rockefeller University	美国	-
NA	新加坡管理大学	Singapore Management University	新加坡	-
NA	斯德哥尔摩经济学院	Stockholm School of Economics	瑞典	-
NA	贡比涅技术大学	Université de Technologie de Compiègne (UTC)	法国	-
NA	奥托贝森管理学院	WHU – Otto Beisheim School of Management	德国	-
